-- phpMyAdmin SQL Dump
-- version 4.8.0.1
-- https://www.phpmyadmin.net/
--
-- Host: 127.0.0.1
-- Generation Time: Jun 06, 2018 at 06:14 AM
-- Server version: 10.1.32-MariaDB
-- PHP Version: 7.2.5

SET SQL_MODE = "NO_AUTO_VALUE_ON_ZERO";
SET AUTOCOMMIT = 0;
START TRANSACTION;
SET time_zone = "+00:00";


/*!40101 SET @OLD_CHARACTER_SET_CLIENT=@@CHARACTER_SET_CLIENT */;
/*!40101 SET @OLD_CHARACTER_SET_RESULTS=@@CHARACTER_SET_RESULTS */;
/*!40101 SET @OLD_COLLATION_CONNECTION=@@COLLATION_CONNECTION */;
/*!40101 SET NAMES utf8mb4 */;

--
-- Database: `ta_borang`
--

-- --------------------------------------------------------

--
-- Table structure for table `butir`
--

CREATE TABLE `butir` (
  `id` int(11) NOT NULL,
  `nomor` varchar(255) NOT NULL,
  `nama` varchar(255) NOT NULL,
  `substandar_id` int(11) NOT NULL
) ENGINE=InnoDB DEFAULT CHARSET=utf8mb4;

--
-- Dumping data for table `butir`
--

INSERT INTO `butir` (`id`, `nomor`, `nama`, `substandar_id`) VALUES
(4, '1.1.4', 'satu satu satu jadi empat test', 2),
(5, '1.1.2', 'satu satu dua', 2),
(6, '12', '124wrsdf ', 3),
(8, '44', '4444', 7);

-- --------------------------------------------------------

--
-- Table structure for table `fakultas`
--

CREATE TABLE `fakultas` (
  `id` int(11) NOT NULL,
  `nama` varchar(255) NOT NULL
) ENGINE=InnoDB DEFAULT CHARSET=utf8mb4;

--
-- Dumping data for table `fakultas`
--

INSERT INTO `fakultas` (`id`, `nama`) VALUES
(4, 'Fakultas Teknik Informatika'),
(5, 'Fakultas Ekonomi'),
(6, 'test');

-- --------------------------------------------------------

--
-- Table structure for table `pengajuan`
--

CREATE TABLE `pengajuan` (
  `id` int(11) NOT NULL,
  `tanggal_pengajuan` date NOT NULL,
  `tahun_usulan` year(4) NOT NULL,
  `prodi_id` int(11) NOT NULL,
  `versi_id` int(11) NOT NULL
) ENGINE=InnoDB DEFAULT CHARSET=latin1;

-- --------------------------------------------------------

--
-- Table structure for table `prodi`
--

CREATE TABLE `prodi` (
  `id` int(11) NOT NULL,
  `nama` varchar(255) NOT NULL,
  `fakultas_id` int(11) NOT NULL
) ENGINE=InnoDB DEFAULT CHARSET=utf8mb4;

--
-- Dumping data for table `prodi`
--

INSERT INTO `prodi` (`id`, `nama`, `fakultas_id`) VALUES
(13, 'fti 1', 4),
(14, 'fti 2', 4),
(15, 'fe 3', 5),
(16, 'fe 4', 5);

-- --------------------------------------------------------

--
-- Table structure for table `standar`
--

CREATE TABLE `standar` (
  `id` int(11) NOT NULL,
  `nomor` varchar(255) NOT NULL,
  `nama` varchar(255) NOT NULL,
  `versi_id` int(11) NOT NULL
) ENGINE=InnoDB DEFAULT CHARSET=utf8mb4;

--
-- Dumping data for table `standar`
--

INSERT INTO `standar` (`id`, `nomor`, `nama`, `versi_id`) VALUES
(2, '1', 'satu satu aja', 4),
(4, '3', 'asf asfewf adsf dua jadi 3', 4),
(5, '2', 'test', 4),
(7, '1', 'Visi, misi, tujuan dan sasaran, serta strategi pencapaian', 7),
(8, '2', '22', 8);

-- --------------------------------------------------------

--
-- Table structure for table `substandar`
--

CREATE TABLE `substandar` (
  `id` int(11) NOT NULL,
  `nomor` varchar(255) NOT NULL,
  `nama` varchar(255) NOT NULL,
  `standar_id` int(11) NOT NULL
) ENGINE=InnoDB DEFAULT CHARSET=utf8mb4;

--
-- Dumping data for table `substandar`
--

INSERT INTO `substandar` (`id`, `nomor`, `nama`, `standar_id`) VALUES
(2, '1.5', 'satu empat jadi lima', 4),
(3, '12', 'qrw rw', 2),
(7, '3', '33', 8),
(8, '1.1', 'Jelaskan dasar penyusunan dan mekanisme penyusunan visi, misi, tujuan dan sasaran institusi perguruan tinggi, serta pihak-pihak yang dilibatkan dalam penyusunannya', 7);

-- --------------------------------------------------------

--
-- Table structure for table `user`
--

CREATE TABLE `user` (
  `id` int(11) NOT NULL,
  `nama` varchar(255) NOT NULL,
  `username` varchar(255) NOT NULL,
  `password` varchar(255) NOT NULL,
  `level` int(11) NOT NULL,
  `prodi_id` int(11) DEFAULT NULL
) ENGINE=InnoDB DEFAULT CHARSET=utf8mb4;

--
-- Dumping data for table `user`
--

INSERT INTO `user` (`id`, `nama`, `username`, `password`, `level`, `prodi_id`) VALUES
(1, 'Administrator', 'admin', 'c7ad44cbad762a5da0a452f9e854fdc1e0e7a52a38015f23f3eab1d80b931dd472634dfac71cd34ebc35d16ab7fb8a90c81f975113d6c7538dc69dd8de9077ec', 1, NULL),
(2, 'Operator FTI 1', 'opfti1', 'd404559f602eab6fd602ac7680dacbfaadd13630335e951f097af3900e9de176b6db28512f2e000b9d04fba5133e8b1c6e8df59db3a8ab9d60be4b97cc9e81db', 3, 13),
(4, 'Test Admin', 'testadmin', 'd404559f602eab6fd602ac7680dacbfaadd13630335e951f097af3900e9de176b6db28512f2e000b9d04fba5133e8b1c6e8df59db3a8ab9d60be4b97cc9e81db', 1, NULL),
(5, 'Test DPM', 'testdpm', 'd404559f602eab6fd602ac7680dacbfaadd13630335e951f097af3900e9de176b6db28512f2e000b9d04fba5133e8b1c6e8df59db3a8ab9d60be4b97cc9e81db', 2, NULL),
(6, 'Test Fe', 'testfe', '4dff4ea340f0a823f15d3f4f01ab62eae0e5da579ccb851f8db9dfe84c58b2b37b89903a740e1ee172da793a6e79d560e5f7f9bd058a12a280433ed6fa46510a', 3, 15),
(12, 'cobafti1', 'cobafti1', '82652b6d108ee60bbfddccd3e220e1135a6aa793c8103430f64b0c1861ff5d37de92b8980b63b7af42115edd0168702317a88da72bf308d59b6524c156703a84', 3, 13);

-- --------------------------------------------------------

--
-- Table structure for table `versi`
--

CREATE TABLE `versi` (
  `id` int(11) NOT NULL,
  `nama` varchar(255) NOT NULL,
  `tahun` year(4) NOT NULL
) ENGINE=InnoDB DEFAULT CHARSET=utf8mb4;

--
-- Dumping data for table `versi`
--

INSERT INTO `versi` (`id`, `nama`, `tahun`) VALUES
(3, '9 standar', 2018),
(4, '7 standar', 2009),
(7, '7 Standar', 2011),
(8, '1 test', 2000);

--
-- Indexes for dumped tables
--

--
-- Indexes for table `butir`
--
ALTER TABLE `butir`
  ADD PRIMARY KEY (`id`),
  ADD KEY `substandar_id` (`substandar_id`);

--
-- Indexes for table `fakultas`
--
ALTER TABLE `fakultas`
  ADD PRIMARY KEY (`id`);

--
-- Indexes for table `pengajuan`
--
ALTER TABLE `pengajuan`
  ADD PRIMARY KEY (`id`),
  ADD KEY `prodi_id` (`prodi_id`),
  ADD KEY `versi_id` (`versi_id`);

--
-- Indexes for table `prodi`
--
ALTER TABLE `prodi`
  ADD PRIMARY KEY (`id`),
  ADD KEY `fakultas_id` (`fakultas_id`);

--
-- Indexes for table `standar`
--
ALTER TABLE `standar`
  ADD PRIMARY KEY (`id`),
  ADD KEY `versi_id` (`versi_id`);

--
-- Indexes for table `substandar`
--
ALTER TABLE `substandar`
  ADD PRIMARY KEY (`id`),
  ADD KEY `standar_id` (`standar_id`);

--
-- Indexes for table `user`
--
ALTER TABLE `user`
  ADD PRIMARY KEY (`id`),
  ADD KEY `prodi_id` (`prodi_id`);

--
-- Indexes for table `versi`
--
ALTER TABLE `versi`
  ADD PRIMARY KEY (`id`);

--
-- AUTO_INCREMENT for dumped tables
--

--
-- AUTO_INCREMENT for table `butir`
--
ALTER TABLE `butir`
  MODIFY `id` int(11) NOT NULL AUTO_INCREMENT, AUTO_INCREMENT=9;

--
-- AUTO_INCREMENT for table `fakultas`
--
ALTER TABLE `fakultas`
  MODIFY `id` int(11) NOT NULL AUTO_INCREMENT, AUTO_INCREMENT=9;

--
-- AUTO_INCREMENT for table `pengajuan`
--
ALTER TABLE `pengajuan`
  MODIFY `id` int(11) NOT NULL AUTO_INCREMENT;

--
-- AUTO_INCREMENT for table `prodi`
--
ALTER TABLE `prodi`
  MODIFY `id` int(11) NOT NULL AUTO_INCREMENT, AUTO_INCREMENT=19;

--
-- AUTO_INCREMENT for table `standar`
--
ALTER TABLE `standar`
  MODIFY `id` int(11) NOT NULL AUTO_INCREMENT, AUTO_INCREMENT=9;

--
-- AUTO_INCREMENT for table `substandar`
--
ALTER TABLE `substandar`
  MODIFY `id` int(11) NOT NULL AUTO_INCREMENT, AUTO_INCREMENT=9;

--
-- AUTO_INCREMENT for table `user`
--
ALTER TABLE `user`
  MODIFY `id` int(11) NOT NULL AUTO_INCREMENT, AUTO_INCREMENT=14;

--
-- AUTO_INCREMENT for table `versi`
--
ALTER TABLE `versi`
  MODIFY `id` int(11) NOT NULL AUTO_INCREMENT, AUTO_INCREMENT=9;

--
-- Constraints for dumped tables
--

--
-- Constraints for table `butir`
--
ALTER TABLE `butir`
  ADD CONSTRAINT `butir_ibfk_1` FOREIGN KEY (`substandar_id`) REFERENCES `substandar` (`id`);

--
-- Constraints for table `pengajuan`
--
ALTER TABLE `pengajuan`
  ADD CONSTRAINT `pengajuan_ibfk_1` FOREIGN KEY (`prodi_id`) REFERENCES `prodi` (`id`),
  ADD CONSTRAINT `pengajuan_ibfk_2` FOREIGN KEY (`versi_id`) REFERENCES `versi` (`id`);

--
-- Constraints for table `prodi`
--
ALTER TABLE `prodi`
  ADD CONSTRAINT `prodi_ibfk_1` FOREIGN KEY (`fakultas_id`) REFERENCES `fakultas` (`id`);

--
-- Constraints for table `substandar`
--
ALTER TABLE `substandar`
  ADD CONSTRAINT `substandar_ibfk_1` FOREIGN KEY (`standar_id`) REFERENCES `standar` (`id`);

--
-- Constraints for table `user`
--
ALTER TABLE `user`
  ADD CONSTRAINT `user_ibfk_1` FOREIGN KEY (`prodi_id`) REFERENCES `prodi` (`id`);
COMMIT;

/*!40101 SET CHARACTER_SET_CLIENT=@OLD_CHARACTER_SET_CLIENT */;
/*!40101 SET CHARACTER_SET_RESULTS=@OLD_CHARACTER_SET_RESULTS */;
/*!40101 SET COLLATION_CONNECTION=@OLD_COLLATION_CONNECTION */;
